1.0,"['6880', '7088', '10397', '25157', '5958', '10079']"
3.0,"['4026', '1121', '1120', '1118', '14513', '121', '269', '482']"
4.0,"['19815', '5114', '20']"
5.0,"['4224', '205', '430', '2889', '4155', '121', '459', '2144', '1575', '8769']"
6.0,"['22319', '16498', '28223', '16592', '7054', '226', '11111', '9989', '7593', '10620']"
7.0,"['12293', '8841', '11757', '19815', '6347', '8675', '19369', '5958', '6547', '4224']"
8.0,"['28121', '20507', '21881', '9253', '22199', '1575', '1519', '14467', '8074', '16498']"
11.0,"['149', '1535', '1689']"
12.0,"['20', '1575', '813', '121']"
13.0,"['1575', '2251', '3588', '5114', '226', '268', '227', '22535']"
14.0,"['23847', '22147', '2904', '10719', '10397', '16706', '18247', '1575', '11235', '16001']"
16.0,[]
17.0,"['2167', '6956', '2966', '20787', '356', '8516', '13601', '28121', '3783', '11981']"
18.0,"['934', '6880', '226']"
19.0,['2251']
20.0,"['8861', '2476', '226', '7054']"
21.0,"['11887', '14741', '22147', '19815', '11741', '22789', '13601', '12531', '21939', '4081']"
22.0,"['7054', '6707', '11111', '6045']"
23.0,"['902', '897', '900', '986', '898', '901', '894', '899', '2001', '8074']"
24.0,"['10620', '6547', '7791', '2167']"
25.0,"['14741', '15583', '11597', '10080', '6547', '11617', '9253', '8841', '5081', '11111']"
26.0,"['17247', '17895', '11617', '16498', '11757', '19815', '16706', '3455', '6547', '8769']"
27.0,"['7088', '5081', '13161', '15583', '12293', '17895', '19163', '8074', '18897', '20785']"
28.0,"['20507', '19815', '22319', '11111']"
29.0,"['894', '502', '895', '20']"
30.0,[]
31.0,"['2966', '5341', '7311', '18897', '356', '8074', '11617', '22199', '16498', '15451']"
32.0,"['1118', '512', '513', '528', '1117', '164', '121', '199', '430', '1943']"
33.0,"['11061', '5114', '6702', '10087', '11741', '20']"
34.0,"['985', '317', '986', '3588', '20', '1575']"
35.0,"['22319', '10087', '2904', '5114', '934']"
37.0,"['23847', '14813', '9989', '9756', '4181', '10719', '9253', '6547', '18897', '13655']"
38.0,"['30276', '9253', '28223', '31964', '22199', '269', '10793', '31043', '22319', '6547']"
39.0,"['14813', '11577', '9289', '22535', '31043', '20507', '12355', '25013', '24765', '31637']"
40.0,['3931']
41.0,"['9936', '4063', '1840', '12549', '10793', '28121', '9181', '13663', '4214', '4654']"
43.0,"['31637', '18277', '3712', '30296', '10620', '16498', '226', '2787', '269', '1535']"
44.0,"['20507', '8074', '31043', '889', '777', '11741', '2593', '2025', '1535', '18679']"
45.0,"['20507', '3470', '14713', '11013', '1562', '14227']"
46.0,"['14075', '6045', '14513', '22789']"
47.0,"['5262', '74']"
48.0,"['7817', '226', '849', '4181', '3782', '5680']"
50.0,"['223', '813', '896', '9515', '1564', '898', '897', '895', '894', '899']"
51.0,"['26', '1210', '416', '513', '1698', '32', '7724', '1033', '934', '9760']"
52.0,"['10719', '1195', '7054', '14741', '6213', '4654', '849', '2025', '8769', '1535']"
53.0,['4181']
55.0,"['19815', '2251', '1575', '2904', '12365', '22535', '2001', '227', '6594', '1535']"
56.0,"['11617', '22319', '20', '21881', '223']"
57.0,[]
61.0,['4814']
62.0,"['1535', '5114', '30276', '1575', '9253', '23283', '11111', '226']"
64.0,"['6547', '10020', '8769', '4654', '10495', '12403', '4472']"
65.0,"['849', '6746', '7059']"
66.0,"['3588', '6707', '861', '121', '4898', '853', '1575', '9919', '226']"
68.0,"['22319', '17265', '5114', '10087', '22199', '14513', '31964', '6702', '223', '10863']"
71.0,"['5114', '20507', '15809', '199', '5530', '6746', '16498', '30276', '4155', '11633']"
73.0,"['21855', '20785', '17265', '2966', '13759', '22319', '16498', '28927', '18153', '2167']"
75.0,"['20', '1575', '430', '6', '5114', '164', '30', '121', '33', '166']"
77.0,"['23289', '28223', '14227', '22319', '14345', '10620', '15809', '5680', '7054']"
79.0,"['10162', '2034', '199', '849', '1535', '433', '1004']"
80.0,"['4181', '482', '899', '905', '6547', '2167', '849', '6213', '5680', '6512']"
81.0,"['164', '10087', '5081', '3588', '8074', '2904', '8425', '9989', '1535', '18679']"
82.0,['9969']
84.0,[]
85.0,['21881']
87.0,"['849', '16732', '19815', '6547', '16417', '5680', '15225', '6956', '199', '11111']"
88.0,"['1119', '1117']"
89.0,['1364']
90.0,"['29803', '8841', '6880', '936', '19815', '15451', '3588', '121', '11757', '5114']"
93.0,"['10620', '7088', '6547', '15689', '9181', '8675', '8407', '5081', '4224', '14513']"
94.0,['4224']
95.0,"['2001', '6880', '1575', '2904', '13601', '2966', '17265', '11577', '21881', '1535']"
96.0,[]
97.0,"['22199', '7088', '16498', '6880', '23233', '19163', '15583', '25157', '2025', '22319']"
98.0,"['23289', '6347', '1535', '11111', '11013', '6045', '16417', '5262', '20', '20583']"
99.0,"['32', '934']"
102.0,"['9919', '1535', '10087', '121', '1210', '5630', '18679', '20507', '12445', '13759']"
103.0,"['849', '4224', '2001', '9253']"
104.0,"['10793', '15809', '5114', '356', '14741', '2993', '1195', '6880']"
105.0,"['226', '934', '10620', '11757', '19815', '11617', '10790', '16498', '1575']"
106.0,"['23273', '16067', '13601', '22535', '25835', '22297', '4181', '22789', '4224', '28223']"
107.0,"['3470', '2167', '4898', '3731']"
108.0,"['269', '4186', '23755', '22319', '2904', '8841', '30276', '16498', '5081', '9253']"
109.0,"['1818', '1575', '2904', '3784', '269', '2759', '3588', '30', '6573']"
110.0,"['22199', '21843', '19815', '22535', '30276', '17265', '11061', '33', '2904']"
111.0,['31']
112.0,"['9656', '2034', '4722', '4898', '4181', '4752']"
116.0,"['14289', '22319', '11757', '853']"
117.0,"['226', '8074', '121', '2904']"
118.0,"['934', '3572', '66', '1915', '1852', '71', '134', '4059', '77', '2167']"
120.0,"['10578', '14967', '5081', '1195', '12189', '8630', '4654', '6702', '14813', '10719']"
121.0,"['10620', '18897', '14741', '20507', '14813', '11617', '4224', '15117', '18679', '19815']"
122.0,"['2993', '3455', '1722', '79', '4999', '8424']"
123.0,"['3092', '27899', '14227', '121', '6045', '5114', '16528']"
124.0,"['2904', '16498', '813', '121', '11771', '6702']"
125.0,"['3782', '4282', '1575', '2926', '2593', '6045', '2904', '3731', '101', '4477']"
126.0,"['6205', '6880', '11499', '9919', '11597', '3588', '4224', '13759', '9253', '20']"
127.0,"['4224', '5114']"
128.0,"['523', '2890']"
129.0,"['16498', '1559', '9513', '121', '889', '6702']"
130.0,"['15689', '11597', '5081', '15225', '13759', '14813', '8769', '15315', '17895', '19815']"
132.0,['10863']
133.0,"['22199', '13601', '1535', '10620', '6880']"
134.0,"['20', '2472', '936', '1686']"
135.0,"['14741', '1210', '14289', '17895', '3455', '15225', '8525', '10080', '8769', '8407']"
139.0,"['1571', '2904', '226', '6547', '270', '121', '10087', '1689', '5630']"
140.0,"['28223', '29803', '31043', '21339', '1575', '30276', '6547', '11843', '23283', '11111']"
141.0,"['21881', '20787', '28171', '22729', '6547', '27655', '11617', '813', '28999', '10620']"
142.0,[]
143.0,"['2167', '9989', '9756']"
144.0,[]
145.0,"['4835', '16894', '269', '11617', '5114', '10719', '18277', '23289', '10396', '12859']"
146.0,"['2201', '1120', '1121', '1119', '898', '900', '1117', '1118', '4214', '2993']"
147.0,"['9919', '431', '6746', '16894', '11771', '14227', '6956', '523', '853']"
148.0,"['28171', '30276', '20583', '1482', '10793', '121']"
149.0,[]
151.0,['1535']
152.0,"['1535', '164', '18679', '14813', '30276', '10087', '10800', '31043', '227', '477']"
153.0,"['6880', '7593', '7088', '3712', '1575', '9919', '4835', '2025', '1840', '355']"
154.0,"['3470', '4722']"
155.0,"['13601', '13659', '31859', '28497', '29803', '4224', '6547', '6347', '28121', '31240']"
156.0,"['10719', '6573', '7338', '17074', '2904', '9989', '13601', '2001', '3782', '10087']"
157.0,[]
158.0,"['5114', '22319', '23283', '467', '790', '121', '1818', '270', '7724', '150']"
159.0,"['249', '6045', '6702', '20507', '762', '154', '1686', '2889', '4835', '7054']"
160.0,"['226', '64', '1575', '164', '2605', '437', '227', '2593']"
163.0,"['14813', '1195', '4181', '28171', '1575', '15583', '356', '1482', '11757', '14967']"
164.0,"['269', '9919', '3588', '6880', '28497', '6702']"
165.0,"['849', '72', '121', '6746', '3588', '30', '9989', '16498', '205', '20']"
166.0,"['22319', '23321', '25397', '20853', '10793', '28121', '3407', '22535', '11759', '3588']"
167.0,"['9989', '9756', '199', '1689', '10165', '323', '376', '164', '227', '30']"
168.0,"['4898', '6547', '4814']"
169.0,"['30276', '30503', '27899', '20507', '1535', '20', '21881', '28223', '22199', '31859']"
170.0,"['19815', '17265', '6547', '5114', '11757', '21881', '9253', '11111', '849', '6702']"
171.0,"['2904', '13601', '16894', '22199', '11757', '27899', '269', '30276', '20', '30503']"
172.0,['9989']
173.0,"['226', '9989', '1535', '30', '11741']"
175.0,"['523', '9756', '849', '47', '202']"
177.0,"['8074', '9919', '18897', '226', '14227', '10793', '5205', '10163', '20785', '14467']"
178.0,"['2969', '54', '30', '2904']"
179.0,"['232', '199', '164']"
180.0,['6707']
181.0,"['7054', '13759', '14813', '14741', '18897', '10080', '16706', '21995', '19221', '19163']"
182.0,"['934', '6880', '17729', '15809', '22319', '18897', '8841', '14813', '1535', '6682']"
183.0,"['4181', '256', '433', '5680', '801', '227', '30', '1015', '467', '2924']"
184.0,"['19815', '226']"
185.0,"['68', '6045', '20', '5530', '3470', '14713', '3655', '431', '9989']"
186.0,"['7054', '23673', '2167']"
187.0,['16498']
188.0,"['2889', '6702', '4835', '1686', '2144', '16498', '813', '2472', '901', '11061']"
189.0,"['6880', '13601', '12189', '5680', '9919', '14199', '12445', '6547', '11887', '11759']"
190.0,"['900', '904', '442', '8246', '899', '5114', '223']"
191.0,"['14345', '813', '22535', '14813', '849', '6746', '20899', '14719', '8525', '11633']"
192.0,"['1562', '11013', '1195', '4224', '9656', '3470', '6045', '853']"
194.0,"['11617', '9919', '121', '4181']"
196.0,"['431', '164']"
198.0,"['2904', '4654', '18277', '11757', '16592']"
200.0,"['43', '5114']"
201.0,[]
202.0,"['10620', '11771', '20583', '10793', '17265', '5081', '28171', '7674', '6547', '10030']"
203.0,"['3470', '3731', '11771', '4224']"
204.0,[]
207.0,[]
208.0,"['2904', '1575', '2025', '1535', '6573', '6746', '20', '227']"
209.0,"['2904', '28223', '10087', '2001']"
210.0,"['4063', '7054', '24455', '9041', '1195', '11617', '2993', '15451', '3455', '9367']"
211.0,"['9989', '11111', '23283', '1689', '2001']"
213.0,"['20507', '10793', '16498', '3457', '14713', '21105', '6045', '3588', '15809', '3092']"
214.0,"['8407', '5958', '8841', '5114', '14741', '19815', '30276', '2001']"
215.0,['10620']
216.0,"['22319', '4898', '11757', '1535']"
217.0,"['5114', '1121', '20', '481', '1117', '431', '199', '5681', '1686', '20159']"
218.0,"['27899', '22319', '16498', '8074', '11757']"
219.0,"['10408', '2904', '15809', '1575', '6746', '9253', '934', '3783', '7311', '1210']"
220.0,[]
221.0,[]
222.0,"['19815', '15583', '22199']"
224.0,[]
225.0,"['11771', '4224', '11013', '10620', '10321', '9989', '4898', '6707', '6547']"
227.0,['431']
228.0,"['22199', '29803', '2025', '6746', '1535', '14741', '14467', '13601', '14075', '11741']"
230.0,[]
231.0,"['20507', '1535', '7054', '16498', '14513', '14813', '16918', '2251', '4224', '7472']"
232.0,"['17729', '8630', '25157', '10079', '28999', '8525', '28121', '21431', '9041']"
233.0,"['20507', '10620', '1535', '8525', '2904', '849', '21881', '18897', '10080', '14741']"
234.0,"['2251', '164', '90', '96', '237', '2581', '93', '467', '81']"
235.0,"['18897', '9253', '13601', '22535', '2001', '11771', '199', '14227', '10620', '9919']"
236.0,"['934', '6746', '11741', '10793', '9253', '31043', '11111', '2167', '4181']"
239.0,"['6547', '1818', '16498', '9919', '1535', '3588']"
240.0,"['9756', '28891', '18679', '31964', '14349', '6746', '5114', '16894', '22319', '1']"
241.0,"['11757', '6547', '1818', '813', '3588']"
242.0,"['5114', '18679', '11111', '3588']"
243.0,"['7054', '4898', '20']"
244.0,"['1535', '12365', '10521', '9756', '19815', '8074', '16067', '11757']"
245.0,"['7054', '11757', '14741', '11887', '10110', '11785', '12189', '17895', '8769', '18095']"
246.0,"['4752', '14289', '4722', '4224', '853']"
247.0,"['2001', '6', '237', '226', '1535', '317', '2904', '223', '813']"
248.0,"['934', '8841', '79', '2993', '4214', '4224', '14741']"
249.0,"['1535', '121', '2904', '1482', '223']"
250.0,"['13655', '16706', '11111', '11577']"
252.0,"['896', '502', '121', '906', '11757']"
253.0,"['11013', '199', '4752', '3457', '6045', '14289', '2236', '18153', '2167', '6547']"
254.0,[]
255.0,"['28223', '22319', '14513', '20507', '16498', '1889', '1535']"
256.0,"['5277', '7590', '13367', '487', '12291', '8675', '8407', '22877', '20031', '2993']"
258.0,['6707']
259.0,"['11597', '849', '4382', '13601']"
260.0,['16498']
261.0,"['11597', '15689', '3712', '10620', '11319', '8937', '9330', '356', '1691', '6512']"
262.0,"['578', '226', '199', '572', '416', '33', '1', '47']"
263.0,"['22535', '11061', '10620', '19815', '8074', '11771', '9513', '21881']"
264.0,['9989']
265.0,['4898']
266.0,"['14741', '523', '11757', '10620', '9253', '4224']"
267.0,"['226', '469', '196', '59', '63', '2167', '1535', '849', '195']"
268.0,"['8525', '13161', '4224', '14741', '19815', '15809', '14227', '14749', '13367', '15583']"
269.0,"['6675', '2889', '4835', '6702', '16498', '405', '226', '889', '6746', '5081']"
270.0,"['10620', '30276', '27899', '22199', '20507', '269', '21881', '23755', '6573', '27631']"
271.0,"['31637', '5114', '10719', '9617', '8525', '6547', '11757', '10080', '1117', '18153']"
272.0,"['11757', '21881', '9041', '2001', '225', '6702', '11759', '28999', '7088', '6547']"
273.0,"['1575', '28497', '22199', '28999', '25157', '22319', '22297', '4224', '18897', '22877']"
274.0,"['10087', '2025', '6702', '10620', '9969', '1818', '27899', '22319', '20', '16498']"
275.0,[]
276.0,"['30503', '20583', '22199', '14513', '31043', '28223', '30276', '6547', '7724', '10030']"
277.0,"['379', '467', '71', '199', '47', '2001', '54']"
278.0,"['9253', '13125', '23283']"
279.0,"['1195', '11499', '2787', '355', '6547', '10790', '2966', '3712', '1840', '1575']"
280.0,"['5114', '2025', '28497', '18679', '14345', '30503', '10087', '31859', '9919', '22319']"
281.0,"['30276', '30503', '9919', '269', '27899', '2025', '28121', '16498']"
282.0,"['22147', '13663', '7054', '18897', '19815', '355', '13367', '15583', '8074', '3455']"
284.0,"['11757', '1535']"
285.0,"['1195', '14967', '10719', '14813', '20', '9989', '3455']"
286.0,"['6702', '20']"
288.0,"['17247', '14513', '26243', '28121', '10620', '31859', '22877', '11933', '20507', '25013']"
289.0,"['4224', '355', '3229', '62', '5958', '7148', '4063', '7817', '2926', '4999']"
290.0,"['5680', '226', '1575', '3457', '530', '1535', '45', '205', '190']"
291.0,[]
292.0,"['2904', '9919', '1575', '1519']"
293.0,"['11597', '3784', '6746', '14741', '8769', '3785', '1818', '15809', '9989', '2167']"
295.0,"['10080', '8525', '2927', '16067', '10719', '14289', '355', '18897', '14967', '2129']"
296.0,"['16498', '11633', '813', '6746', '22535', '20']"
297.0,"['10686', '1535', '14713', '9919', '9136', '16894', '7054']"
298.0,"['22319', '26243', '27899', '10087', '10620', '11061', '28977', '223']"
300.0,"['13367', '14813', '10719', '18247', '226', '3503', '5958', '3229', '6201', '14199']"
301.0,"['16498', '21405', '22729', '6956', '9253', '4224', '12291', '28121', '13759', '5680']"
302.0,"['12189', '7791', '10165']"
303.0,"['5114', '16592', '29803', '10080', '28677', '18247', '24703', '9041', '11759', '16498']"
304.0,"['3210', '149', '3092', '5902']"
305.0,"['11111', '11887', '16498', '6547']"
306.0,"['27899', '22199', '30276', '16498', '22319', '22535', '20507']"
307.0,[]
308.0,['232']
309.0,"['23755', '28497', '20', '30276', '28121', '28907', '22199']"
310.0,"['18153', '11633', '11617', '10719', '15809', '8074', '22535']"
311.0,"['1482', '1535', '9919', '5530']"
312.0,"['12859', '4155', '9513', '263', '16498', '1575', '5258', '22535', '13601', '1686']"
314.0,"['10719', '23273', '1195', '11757', '8074', '5114', '10793', '13759', '22535', '22729']"
315.0,"['22729', '22535', '20507', '23321', '16498', '30544', '20785', '8277', '9367', '9936']"
316.0,"['1575', '22319', '21995', '6045', '14227', '20507', '9919', '4081', '6746', '23289']"
317.0,"['13659', '14467', '10793', '17895', '9253', '13367', '121', '2025', '1889', '14075']"
318.0,[]
319.0,"['19815', '15809', '10793', '9041', '18277', '20787', '16498', '9367', '5958', '6880']"
320.0,"['6922', '11757', '14289', '8675', '13601', '10080', '849', '12445', '4181', '934']"
321.0,"['23233', '15451', '19163', '13161', '1195', '21405', '10079', '14833', '7088', '10578']"
322.0,"['226', '1575', '17265', '16498', '4224', '9756', '11759', '18153', '12189']"
323.0,['5680']
324.0,"['199', '10162', '10620', '2593', '2236', '2025', '6746', '853', '11757', '5114']"
325.0,"['3588', '17265', '10620', '11111', '9919', '121', '28171', '14345', '1575', '24833']"
326.0,"['11617', '22535', '17729', '1535', '28999', '23847', '4214', '8841', '13601', '10110']"
327.0,"['1575', '934', '121', '2593', '3783', '2025']"
328.0,"['3784', '1']"
329.0,"['934', '1889', '5114', '2904', '1575', '2001', '2025', '10620', '3588', '6547']"
330.0,"['6045', '4224', '9656', '2034', '3457']"
331.0,"['5081', '11597', '1535', '9756', '9919']"
332.0,"['6707', '16498', '20507', '10589', '4835']"
334.0,[]
335.0,"['5114', '20', '269']"
336.0,"['9989', '13601', '11111', '437', '1575', '1943', '3167', '12189', '2167', '1535']"
337.0,"['10408', '853', '9989', '9656', '14741', '7054', '18897', '2034', '13759', '10620']"
338.0,"['11933', '23847', '24703', '15583', '7088', '14749', '13367', '25157', '20507', '7817']"
339.0,"['889', '2025', '205', '33', '467', '44', '2001', '1210', '1117', '317']"
340.0,"['9756', '3588']"
341.0,"['10408', '23847', '9656', '20507', '5341', '16918', '849', '30276', '3782', '13125']"
343.0,"['16498', '269', '2904', '205']"
345.0,"['10793', '5114', '894', '4835', '1686', '14345', '8247', '762', '14837', '897']"
346.0,[]
348.0,"['2167', '16592', '6045', '1535', '11757', '15085', '11111', '7674', '11771', '3470']"
349.0,"['16894', '11061', '11771', '269', '813', '2904', '21881', '11111', '10087']"
350.0,"['14741', '1535', '6547', '11111']"
351.0,['11111']
352.0,"['10087', '2025', '43', '22199', '14719', '6547', '5081', '28121', '16524']"
353.0,"['894', '20', '1535', '986', '1526', '4224', '528', '594', '4437', '2001']"
354.0,"['5081', '11597', '9989', '15225', '849', '5680']"
356.0,['4898']
357.0,"['4898', '6880', '6746', '3588', '2025', '853', '9919', '4224', '121']"
358.0,"['18153', '22199', '23273', '14813', '2167', '10719', '18247', '8074', '11111', '28121']"
359.0,"['79', '6201', '9367', '5781', '8074', '3229', '1840', '5958', '8424', '8277']"
360.0,[]
361.0,"['849', '177', '10161', '5530', '793', '4835', '16498', '2889', '2034', '1699']"
363.0,"['777', '2001', '5114', '47', '6547', '1943', '245', '6', '9253', '237']"
364.0,"['22535', '9253', '8074', '9919', '1535', '8841', '6547', '11757', '11617', '15583']"
365.0,"['232', '741', '243', '4898', '317', '1535', '6045', '861', '874', '121']"
366.0,"['11741', '30503', '5114', '20507', '10620', '2904', '23281', '1535', '10418', '6746']"
367.0,"['7088', '10087', '25397', '20787', '355', '11757', '25157', '22199', '22877', '18277']"
368.0,"['11741', '8246', '225', '2472', '813', '223', '4437', '3588', '460', '2001']"
369.0,"['1195', '2889', '1686', '8841', '11617', '3712', '8074', '1840', '6880', '8407']"
370.0,"['22535', '22319', '226', '7724', '20507', '121', '14467', '14353', '4898', '9756']"
371.0,"['1818', '986', '199', '901', '14513', '906', '902', '6702', '898', '893']"
372.0,"['14813', '28497']"
373.0,"['16894', '18897', '14513', '9989', '11757', '11111', '4181', '813', '10087', '13601']"
375.0,"['4155', '21881', '6325', '269']"
376.0,"['31964', '31043', '10620', '11757', '11111', '20', '16498', '22199', '30276', '23281']"
377.0,"['22319', '11013', '14289', '6045', '16498', '12189', '9919', '11111', '6746', '7054']"
379.0,"['8525', '5958', '10790', '3229', '6324', '10719', '2494', '28121', '13367', '5277']"
380.0,[]
381.0,"['21881', '11617', '9919', '20507', '5114', '22199', '6702', '11757', '1195', '9041']"
382.0,"['199', '2001', '2025']"
383.0,[]
384.0,"['9989', '10087', '457', '5630', '33', '437', '47', '6880', '43', '205']"
385.0,"['121', '6880', '5114', '23283', '13601', '24439', '14227', '22535', '15417', '22789']"
387.0,"['10087', '11741', '356', '269', '6547', '8769', '20', '5680', '10793', '1686']"
389.0,"['2904', '1575', '121', '20', '3588']"
390.0,"['10620', '8769', '22199', '1535', '2904', '18139', '269', '20507', '3588', '9253']"
391.0,"['28223', '9756', '11111', '9989', '523', '6746', '13601', '16498', '27899', '22319']"
392.0,"['899', '898', '903', '223', '5258', '905', '902', '6746', '4898', '6702']"
393.0,"['25157', '20785', '19369', '26243', '22199', '16011', '20787', '22319', '7088', '18277']"
394.0,['853']
395.0,"['461', '463', '2107', '2251', '1575', '121', '2904', '11061', '6880', '136']"
396.0,"['6707', '10620', '10161', '8795', '523', '431', '199', '3784', '22319', '3588']"
397.0,[]
398.0,"['4186', '8086', '237', '10793', '2581', '18277', '18893', '94', '889', '226']"
400.0,"['6746', '2167', '9253', '20', '226']"
401.0,"['11757', '13759', '11741', '10793']"
403.0,"['6746', '2025', '467', '2001', '1575']"
404.0,"['11757', '8074', '16498', '813', '1535', '18679']"
405.0,"['7054', '6347', '6547', '10719', '8675', '8516', '15809', '9919', '14345', '14741']"
406.0,"['22319', '2593', '3782', '1889', '934', '19']"
407.0,"['14749', '14967']"
408.0,[]
409.0,"['9756', '17895', '5680', '13659', '13759', '14227', '14813', '9289', '11757', '10495']"
410.0,"['22147', '5680', '4224', '14741', '14813', '813', '19221', '19815', '223', '20159']"
411.0,"['9253', '1535', '1575', '790', '1943', '523', '1', '6746', '2593', '5081']"
412.0,[]
413.0,"['4722', '7054']"
415.0,"['3470', '5630', '6438', '781', '1366', '780', '1369', '6045', '2513', '5348']"
416.0,"['10067', '986', '5114', '813', '225', '902', '985', '2472', '936', '11757']"
417.0,"['4224', '904', '20', '903', '898', '906', '897', '902', '905', '14837']"
418.0,"['21033', '14345', '8841', '11617', '28623', '19815', '22199', '20507', '29803', '6880']"
419.0,"['18679', '1889', '6547', '14345', '15809', '1535', '31964', '28171', '4224', '6746']"
420.0,"['5205', '4280', '5680', '66', '5204', '6573', '2025', '1689', '164', '2167']"
421.0,"['15451', '9181', '13663', '15583', '14967', '8841', '8525', '2167', '14199', '11597']"
422.0,"['853', '120']"
423.0,"['23233', '18897', '11597', '17729', '16706', '22877', '8841', '6547', '8516', '5081']"
424.0,[]
425.0,"['16498', '20507', '269', '9919']"
426.0,"['30276', '21881', '22199']"
427.0,"['6702', '6547', '269']"
428.0,"['9656', '6702', '14227', '8425', '16498', '457', '11111', '853', '2025', '7054']"
430.0,"['16916', '20583', '10620', '10408', '464', '15323', '14513', '9919', '431', '14227']"
431.0,"['28121', '10110', '12293', '16498', '4224']"
432.0,[]
433.0,"['8630', '19163', '14199', '15225', '13659', '10719', '15315', '19369', '13367', '15583']"
434.0,"['2034', '1222', '6045', '849', '164', '9656', '5680', '853']"
435.0,"['8074', '17074', '11757', '19221', '18897', '14345', '10790', '9253', '16498', '1195']"
436.0,"['20', '5678', '6895']"
437.0,"['578', '199']"
438.0,"['10080', '28025', '8769', '10719', '9756', '23273', '7054', '11785', '6213', '11179']"
439.0,"['205', '8074', '1519', '4280', '16498']"
440.0,[]
441.0,"['27899', '22319', '11111', '2025', '1535', '1818']"
443.0,"['18897', '9041', '1535', '19163', '10079', '25159', '3588', '22297', '6347', '8407']"
444.0,"['6547', '22535', '19815', '13759', '18277', '17265', '15451', '1535', '7593', '26243']"
445.0,"['2251', '80', '2001', '2759']"
446.0,"['11757', '18115', '25157', '15689', '5114', '269']"
447.0,"['1535', '9963', '1482', '1363', '136', '121', '4224', '1887', '2171', '6895']"
448.0,"['10495', '849', '8769', '5680', '11285', '6347', '7791']"
449.0,"['4282', '3783', '5205', '2593', '2025', '22319', '10087', '5114', '23283']"
450.0,[]
451.0,"['512', '16498', '4081', '6045', '21995', '3731', '853', '1689', '4224', '120']"
452.0,"['14513', '6547', '9756', '10087', '11741', '18153', '23273']"
453.0,"['20507', '21881', '27899', '19815', '10620']"
454.0,"['1535', '6746', '14227', '4898', '9989', '4181', '226', '10162', '18153', '3457']"
455.0,"['1887', '934', '1689', '232', '5680']"
456.0,"['9989', '19815', '28223', '22199', '11771', '24415', '6547', '14467', '22535', '1535']"
458.0,"['6746', '10620', '5114']"
459.0,"['23281', '20785', '5114', '10087', '10163', '9756', '28701', '9253']"
460.0,"['857', '223', '30', '11741', '6594', '154', '889', '6547', '10087', '4898']"
461.0,"['11617', '22319', '355', '21881', '23273', '4181', '14813', '18671', '22729', '6880']"
462.0,"['9041', '28121', '10578', '14741', '15809', '6547', '1575', '13161', '8074', '10087']"
463.0,"['1562', '7054', '4898', '4752', '3470']"
465.0,['530']
466.0,"['23755', '2001', '30503', '27833', '23199', '205', '30276', '20507', '6746', '16894']"
467.0,"['4898', '11285']"
468.0,"['19815', '21881', '11757', '22199', '16498', '28907']"
469.0,"['14467', '777', '2001', '13601', '10163', '3588']"
470.0,[]
471.0,"['5114', '20', '11061', '8074', '22319', '3588', '10620', '14345', '270']"
473.0,[]
475.0,"['6045', '14227', '1562', '4224', '11013', '120', '249', '5262', '22319', '325']"
476.0,[]
477.0,"['8675', '11597', '25159', '20507', '11757', '15689', '11111', '8769', '10790', '13601']"
479.0,"['4437', '2472', '121', '6702', '16498', '14513', '2144']"
481.0,"['8425', '226', '7724', '6880']"
482.0,"['8516', '1689', '15225', '20507', '6347', '14813', '8769', '3455', '14749', '11499']"
483.0,[]
485.0,"['18115', '14713', '23755', '14513', '11757', '4835', '12049', '7054', '11633', '22145']"
487.0,"['4654', '1889', '849', '853', '2904', '6547', '1689', '1887', '11111', '2001']"
488.0,"['6547', '849', '14741', '5341', '2966', '4224', '20785', '73', '205', '13759']"
489.0,"['199', '226', '3588', '9253', '2001', '6547', '16498']"
490.0,"['2167', '2236', '4181', '6547', '431']"
492.0,"['10080', '6547', '11759', '10719', '11757', '10620', '8074', '23755', '30276', '11597']"
493.0,"['1122', '1121', '1117', '1118', '4793', '20']"
494.0,"['4382', '25013', '2236', '18153', '14813', '4181', '22535', '7311', '578', '23277']"
495.0,"['22535', '17265', '30276', '6702', '4063', '15451', '7088', '24703', '18115', '22319']"
496.0,"['5526', '2201', '1526']"
497.0,"['1818', '225', '1686', '2889', '6547', '6987', '2581', '4835', '1575', '269']"
498.0,"['5252', '465', '2020', '3848', '462', '464', '4155']"
500.0,"['23277', '23847', '23273', '17895', '28171', '28677', '28999', '20507', '16067', '22147']"
501.0,"['5114', '263', '27899', '8074', '11061', '6547', '19815', '1575', '12859', '14345']"
502.0,"['11111', '4752']"
503.0,"['2025', '17265', '21881', '33', '11757', '226', '5114', '12115', '3588', '1575']"
504.0,"['4722', '11887', '14289', '9656', '14227', '16498', '7054', '2034', '9919']"
505.0,"['6880', '22319', '20507', '8516', '19815', '8074', '6547', '8841', '2167', '14813']"
506.0,"['4224', '22199']"
507.0,"['8676', '13659', '8675', '15809', '16706', '8841', '20507', '2926', '14749', '5680']"
508.0,"['31859', '22729', '20507', '13759', '14813', '22199', '8841', '11285', '10793', '17549']"
510.0,"['12355', '11887', '4224', '5680', '585', '199', '2236', '2167', '1033']"
511.0,"['8769', '8074', '4224', '8424', '9756', '121', '3457', '1723', '4752', '8407']"
512.0,"['10321', '4224', '23673', '14713', '15605', '9656']"
513.0,"['10087', '11741', '22319', '226', '10620', '1535', '19815', '6880', '22535', '9919']"
514.0,"['28907', '21881', '26243', '20541', '17895', '3731', '23847', '8074', '22319', '6547']"
516.0,"['6', '205', '849', '2001', '66', '32', '30', '82', '889', '1575']"
517.0,"['20', '14345', '11741', '11111', '2904', '6880']"
518.0,"['22729', '8841', '17265', '28121', '15451', '12293', '10793', '7088', '8525', '22199']"
519.0,"['17641', '16592', '14811', '13367', '5081', '6351', '8630', '3455', '5909', '22877']"
520.0,"['687', '740']"
521.0,"['18115', '22319', '20507', '5114', '16498']"
522.0,[]
523.0,"['53', '157', '191', '1195', '190', '195', '1535', '1575', '59', '189']"
524.0,"['10110', '25879', '10521', '13759', '10719', '6956', '8769', '11887', '16417', '17895']"
525.0,"['6880', '20583', '16592', '17265', '6547', '18277', '10719', '31043', '21561', '14345']"
526.0,['9919']
528.0,"['853', '861']"
529.0,"['20787', '14967', '4214', '1604', '813', '226', '16894', '11499', '10620', '10790']"
530.0,"['16498', '199', '5114', '164', '431', '2236', '12355', '6573', '2025', '7311']"
531.0,"['8074', '2993', '12293', '28907', '15451', '22199', '11617', '10790']"
532.0,"['24703', '27787', '3731', '8074', '15809', '1535', '223', '813', '10793', '1195']"
533.0,"['8074', '20057', '121', '22535', '10719', '16498', '4224', '15809', '7311', '3455']"
534.0,"['11061', '5114', '1535', '19815', '22535', '9253', '11741', '14467', '13601', '226']"
535.0,"['20', '5114', '29803']"
537.0,"['6547', '11757', '22319']"
538.0,"['934', '4654', '10620', '6547', '849', '853', '6746', '355']"
539.0,"['898', '896', '895', '897', '227', '894']"
540.0,"['22319', '14345', '29803', '6702', '25397', '20507', '25159']"
541.0,"['164', '889', '199', '430', '6', '3712', '5680', '8769', '1', '1195']"
542.0,"['11757', '10080', '8525', '11319', '12293', '14813', '6347', '9041', '3455', '14749']"
543.0,"['1689', '4722', '3470', '4752', '9989', '7054', '4224']"
544.0,"['6746', '9989', '6547', '11111']"
545.0,"['11111', '6746', '9756', '15689', '10793', '13601', '6547', '3783', '7724', '226']"
546.0,[]
547.0,"['6547', '17265', '20709', '14967', '30276', '11843', '23289', '22865', '19221', '22199']"
548.0,"['3455', '13663', '11757', '3712']"
551.0,"['8861', '30296', '8525', '26243', '28677', '17247', '5081', '8676', '6512']"
552.0,['1575']
553.0,"['28623', '22319', '28223', '10087', '13125', '3588']"
556.0,"['11741', '934', '1575', '121', '2904', '849', '7311', '4382', '20507', '9253']"
557.0,"['1575', '2001', '1535', '6746', '2251', '2904', '205', '1', '9253']"
558.0,"['13759', '6045', '14713', '7054', '4181']"
559.0,"['199', '1535', '430']"
560.0,[]
561.0,"['527', '1535', '2847', '1526']"
562.0,"['1210', '2251', '20583', '22319']"
563.0,"['10408', '1575', '10800', '12189', '10030', '13601', '27821', '22789', '11597', '11741']"
564.0,"['22319', '23283', '6746', '1575', '4181', '13601', '14741', '21881', '27899', '14227']"
565.0,"['14349', '329', '486', '199', '164', '12189', '2167', '2236', '13759', '30276']"
566.0,"['11741', '28223', '6547', '10793', '26243', '6880', '1535', '6702', '18679', '10620']"
567.0,"['936', '4437', '2472', '1074', '12049', '834', '7674', '11061', '11499', '11771']"
568.0,"['13125', '4224', '2167', '4181', '22297', '16498', '4059', '11887', '22319', '849']"
569.0,"['1575', '849', '164', '853', '597', '512', '572']"
570.0,"['23283', '11741', '16498', '10087', '28223', '30276']"
571.0,"['9367', '17729', '14075', '11617', '24455', '20507', '28121', '24439']"
572.0,"['121', '1', '10087', '2904', '13601', '16498', '16524', '1575', '6746']"
573.0,"['20507', '9919', '10793', '18179', '11771', '11757', '18679', '21863']"
574.0,"['6880', '4214', '357', '6547']"
576.0,"['71', '2476', '12355', '849', '2904', '1575', '2167']"
577.0,"['6547', '5114', '71', '4063', '4214']"
578.0,"['25159', '8086', '18671', '18277', '6547', '17729', '22147', '14967', '25397', '10790']"
579.0,"['22319', '24703', '27899', '22535', '16498']"
580.0,"['1119', '1118', '1117']"
581.0,"['5667', '10719', '14967', '906', '6547', '2001', '20021']"
582.0,"['11741', '32', '30', '33', '6547', '431']"
584.0,['8074']
585.0,"['5114', '889', '790', '4654', '6675', '6880', '3588', '47', '9919', '1519']"
587.0,"['14227', '11843', '1535', '1195', '7054', '6547', '1575', '1887', '15809', '4224']"
588.0,"['1889', '9656', '14713', '10620', '14289', '6045', '11111', '10161', '21995', '6746']"
589.0,"['15809', '10110', '7148', '15583', '13663', '24703', '6347', '23233', '21881', '11759']"
590.0,"['1818', '2593', '4282', '6547', '11577', '5341', '934', '27899', '22199', '31043']"
591.0,"['4224', '20']"
592.0,"['3588', '18679', '11061', '1818', '28223', '6702', '22199', '21881', '1535', '6707']"
593.0,"['22663', '18277', '19163', '25157', '18247', '1535', '8675', '13161', '16498', '6547']"
594.0,"['28223', '22319', '11111', '1535']"
595.0,"['6880', '1575', '5114', '8074', '2001', '29803', '20507', '22535', '25183', '18277']"
596.0,"['2001', '1575']"
597.0,"['22319', '11111', '1535', '20', '4898', '27899', '16498']"
598.0,"['11179', '16894', '9656', '4181', '1222', '13759', '189', '1535']"
599.0,"['13601', '6547', '13759', '2025', '18671', '11111', '21603', '15809', '28223', '4898']"
603.0,['22319']
604.0,"['20507', '777', '3588', '11741', '2025', '1889', '5081', '5114', '2787', '355']"
605.0,"['1091', '1090', '93', '84', '95', '237']"
606.0,"['19815', '9989', '12355', '9756', '21995', '18671', '16498', '10162', '20507', '2236']"
607.0,"['2025', '801', '9253', '10620']"
608.0,[]
609.0,"['6547', '14741', '9756', '8769', '8795', '4181', '5680', '1887', '30276', '16498']"
610.0,"['8074', '3784', '270', '226', '2025', '2167']"
611.0,"['11597', '30015', '8769', '6213', '30276', '32182', '10793', '23847', '16001', '13659']"
612.0,"['4151', '6573', '67', '2025', '356', '790', '2889', '121', '33', '1686']"
613.0,"['3455', '13759', '14513', '11741', '10087', '6746', '8841', '4224', '5081', '10790']"
614.0,"['1535', '552', '28999', '12189', '8074', '11741', '31240', '28701', '431', '13667']"
615.0,"['1535', '226', '47', '43', '30']"
616.0,"['896', '20159', '2759', '899', '898', '901', '1575', '905', '5114', '431']"
617.0,"['22535', '15809', '16894', '4898', '13601']"
618.0,"['31043', '431', '14513', '1535', '9253', '17074', '11665', '11887', '2904', '23283']"
619.0,"['13759', '8407', '15583', '12293', '10620', '5277', '11617', '9919', '1840', '4063']"
620.0,"['6702', '20', '11757', '11111', '22535', '11061', '30276', '8074']"
621.0,"['164', '431', '6702', '1195', '20', '4224']"
622.0,"['21881', '27655', '28121', '6547', '11757', '2904', '27775', '10620']"
623.0,"['164', '1535', '431', '237', '2001', '6746', '205', '11577', '1', '9253']"
624.0,[]
625.0,"['904', '901', '813', '895', '1686', '223', '905', '899', '2889']"
626.0,"['1887', '7311', '59', '6746', '223', '71', '813', '2993', '849', '227']"
627.0,"['11757', '9919', '5081', '11061', '8074', '889', '16894', '13759', '23273', '20']"
629.0,"['73', '72', '6547', '2025', '202']"
630.0,"['30276', '1575', '18115', '14513', '11061', '5258', '20', '9919']"
631.0,"['1689', '849', '1575', '4224', '431', '2034', '228', '6045', '1530', '2167']"
633.0,"['18897', '7311', '10087', '19815', '9989', '22297', '849', '30276', '31964', '23273']"
634.0,"['4059', '4382', '24231', '4181', '24031', '15809', '11179', '25397', '27989', '16732']"
635.0,"['11617', '10793', '19815', '27899']"
636.0,"['28121', '18679', '31043', '16001', '4181', '28223', '21855', '11597', '22147', '28025']"
637.0,"['355', '20', '22319', '12365', '14467', '8525', '28999', '7674', '3588', '6880']"
638.0,"['1535', '8074', '11111', '3588']"
639.0,"['2904', '355', '2787', '9253', '1195', '1575', '10719', '10790', '9041', '14227']"
640.0,"['430', '66', '659', '199', '5680', '8675', '1852', '227', '64', '5081']"
642.0,"['6045', '1575', '3457', '11771', '164', '4814', '442', '3092', '7054', '120']"
643.0,"['4551', '1195', '853', '6045', '4722', '3457', '1579']"
644.0,"['1369', '6231', '2513', '2597', '2514', '1367', '1366', '2171', '3470', '2512']"
646.0,"['28907', '30276', '1482', '14833', '5114', '8086', '10620', '1604', '270', '17265']"
647.0,"['7711', '199', '523', '2890', '232', '2034', '9926', '572', '11843', '14713']"
648.0,"['21881', '31043', '22319', '27899', '17265', '10620', '6702', '22297', '356', '6707']"
649.0,"['21881', '8074', '6547', '15583', '3588', '2001', '19815', '28121', '4155', '269']"
650.0,"['8841', '4214', '15583', '4999', '7088', '11319', '1840']"
651.0,"['5081', '4224', '2025', '28223', '6880', '10620', '19815', '11597', '13125', '2236']"
652.0,"['4224', '1575', '6', '1', '889', '71', '72', '790', '3342', '2025']"
654.0,"['23273', '27899', '18115', '10620', '24415', '11061', '20583', '22535', '22319', '4898']"
655.0,"['13759', '9041', '13659', '11757', '8769', '18153', '4654', '6547', '4181', '14749']"
656.0,"['5680', '1575', '6045', '31043', '22535', '30276']"
657.0,"['4181', '5941', '2167', '263']"
658.0,"['4898', '3092', '11771', '4814', '21105', '16498', '9926', '16894']"
659.0,"['16742', '10863', '21659', '18679', '5114', '3784', '2605', '14349', '1210', '813']"
660.0,"['5277', '2104', '6324', '2966', '5958', '13055', '2993', '4181', '11179', '849']"
661.0,"['71', '223', '2904', '1575', '2001', '6547', '849', '9919', '72', '73']"
662.0,"['4181', '6880', '10396', '31240', '18679', '11633', '11757', '5081', '19163', '6547']"
663.0,"['10719', '23289', '14227', '23273', '7724', '15809', '18897', '23673', '14345', '31240']"
664.0,[]
665.0,"['2904', '1575', '90', '552']"
666.0,"['30240', '28171', '16498', '24833', '29786', '13601', '22199', '6702', '5081', '28927']"
667.0,"['903', '900', '986']"
668.0,"['2889', '4835', '442', '4437', '16498']"
669.0,"['4224', '2104', '2926']"
670.0,"['25157', '20507', '15583', '1575', '22199', '2025', '13601', '30276', '9919', '20031']"
672.0,[]
675.0,"['2904', '1575', '1', '43', '437', '237']"
676.0,[]
677.0,"['1535', '20']"
678.0,"['14513', '23755', '7593', '6347', '6547']"
679.0,"['11887', '4059', '9989', '226', '4181', '28927', '11617', '22319', '12445', '8074']"
680.0,"['11843', '1575', '5680', '13759', '6547', '14813', '7791', '5081', '1689', '20541']"
681.0,"['9253', '226', '11111']"
682.0,"['133', '2926', '20']"
684.0,"['31043', '5114', '528', '19815', '7695', '1709', '1313', '2251', '1118', '4026']"
686.0,"['10165', '849', '1575', '227', '430', '813', '121', '7791']"
687.0,"['10087', '11741', '2251', '28121', '10793', '28171', '11757']"
688.0,"['11887', '5958', '10110', '1575', '8424', '10719', '19685', '19221', '14741', '9919']"
689.0,"['12293', '15451', '1575', '5114', '7088', '11617', '15583', '5958', '22199', '356']"
690.0,"['1535', '6880', '22319']"
691.0,"['205', '894', '20', '1535', '5630', '223', '4059', '356', '4181']"
692.0,"['8074', '15451', '17247', '20507', '21431', '12549', '18677', '13759', '10620', '23273']"
693.0,[]
694.0,"['13759', '9756', '2167', '4224', '6594', '205', '5680']"
695.0,"['2001', '801', '20', '6']"
696.0,"['9253', '3782', '1575', '10620', '11757', '1535', '16498', '19815', '2966', '6547']"
697.0,"['1840', '3712', '356', '121', '9330', '1195', '8525', '63', '9041', '8937']"
698.0,[]
699.0,"['15613', '15809', '2685', '4551', '4081', '232', '20785', '10800', '853', '4898']"
701.0,"['1519', '790', '6880', '1943', '47', '3782', '5114', '6746', '437', '164']"
702.0,"['355', '9041', '934', '552', '905', '8525', '4063', '7054', '225', '3588']"
703.0,"['13601', '10620', '11111', '934', '270', '31043', '22535', '22319']"
704.0,"['7082', '2923', '6586', '7054', '6045']"
705.0,"['2025', '6573', '13125', '2476', '4382', '11597', '32', '1210', '18679', '9756']"
706.0,"['11757', '21881']"
707.0,[]
710.0,"['15809', '1535', '1840', '2904', '121', '1519', '889', '4654', '10719', '8769']"
712.0,"['5114', '4224', '2001', '759', '4181', '2167', '849', '9756', '1']"
713.0,"['11111', '2034']"
714.0,"['1579', '322', '120', '11757', '199', '121', '969', '4081', '149', '164']"
715.0,"['11577', '28223', '9253', '4224']"
718.0,"['7054', '120', '521', '2923', '2993']"
720.0,"['849', '10165', '18671', '2966', '15809', '2593', '6547', '4224', '16498', '6956']"
721.0,"['22319', '21105', '16498', '14513', '10321', '20', '269', '24415', '11757', '6702']"
722.0,"['10162', '22319', '16782', '6045', '9919']"
723.0,[]
724.0,"['1535', '11757']"
725.0,"['21855', '15689', '934', '6547', '17074', '2167', '18679', '11597', '1575', '23273']"
726.0,"['1535', '121']"
727.0,"['20507', '9989', '14227', '16498', '9919']"
728.0,"['25159', '10793', '15315', '6347', '8516', '8675', '21881', '10620', '22865', '813']"
729.0,[]
732.0,['430']
733.0,"['9041', '12189', '8937', '1195', '7593', '4224', '10805', '14227', '7769', '7791']"
735.0,"['22535', '11757', '10793', '18115', '23321', '8074', '1575', '5114']"
736.0,['13759']
737.0,"['8074', '8525', '121', '10165', '5958', '2476', '2167', '6213', '10719', '6347']"
738.0,"['15809', '15583', '10793', '2787', '17895', '20507', '18679', '14813', '5341', '2251']"
740.0,"['8074', '12445']"
741.0,"['20787', '1195', '3455', '14967', '11759', '17265', '11617']"
742.0,"['431', '121', '71', '934', '849', '457', '5114', '202', '199']"
743.0,"['1818', '245', '889', '263', '1292', '1575', '185', '1519', '33', '136']"
744.0,"['889', '2236', '7674', '1575', '431', '2251', '205', '1142', '2904', '2924']"
745.0,"['20689', '6547', '20507', '11771', '9919', '21881', '9041', '21085', '20785', '17265']"
746.0,"['10719', '15225', '2904', '16592', '14967', '226', '19369', '2129', '10588', '9253']"
747.0,"['30276', '24415', '28999', '24833', '27787', '16894', '20583', '14227', '28907']"
748.0,"['2001', '849', '10495', '10863', '14741', '12403', '9617', '4224', '9756', '5680']"
749.0,[]
750.0,"['918', '19815', '14813', '4224', '23283', '11771', '6707', '28223', '23199', '4814']"
751.0,"['22535', '21855', '23273', '22297', '20583', '20507', '14741', '9253', '5081', '6746']"
752.0,"['462', '15323', '8740', '12859', '20', '10589', '6325']"
753.0,"['1535', '528', '357']"
754.0,"['6553', '741', '4814', '746', '10161', '199', '4898', '1532']"
755.0,"['4224', '19815', '31043', '16498', '11111', '1535', '2167', '4181', '9989', '9919']"
757.0,"['2904', '10620', '12189']"
758.0,"['31240', '10087', '10793', '1594', '228', '6547', '11741', '6746', '23283', '31043']"
759.0,"['14227', '1889', '3588', '9756', '226', '15451', '1535', '11499', '4224', '22199']"
760.0,"['9253', '2001', '6573', '121', '47', '11757', '6702', '20507']"
761.0,"['11757', '45', '1292', '121', '10087', '430', '392', '9135', '894', '6']"
762.0,"['355', '195', '1519', '889', '1818', '98', '97', '72', '1195', '4975']"
763.0,"['12859', '1575', '11757']"
764.0,"['7593', '8525', '8841', '4063', '10719']"
765.0,"['12549', '19815', '9919', '8074']"
767.0,['4059']
768.0,"['8424', '11887', '14345', '15699', '4224', '7791', '16592', '12403', '17895', '8861']"
770.0,"['121', '1575']"
771.0,"['17082', '28617', '23273', '16742', '5680', '1887', '11577', '30276', '9253', '28677']"
773.0,"['8769', '14813', '849', '20507', '22535', '1535', '6547', '9919', '79', '11597']"
774.0,"['18153', '2593', '4280', '14741', '356', '11981', '6746', '14807', '1689', '5681']"
775.0,[]
776.0,"['20031', '14741', '6746', '10719', '6880', '18897', '14075', '9989', '7311', '28927']"
777.0,"['17265', '8937', '9253', '19775', '23321', '4654', '19221', '6347', '10790', '20853']"
778.0,"['19815', '20', '22199']"
780.0,[]
781.0,"['16498', '2167']"
782.0,"['149', '199', '150', '61']"
783.0,"['10397', '12445', '2904', '23273', '14967', '5277', '7769', '2993', '4214', '8769']"
784.0,"['205', '17265', '121', '72', '9989', '22319', '11757', '11741', '22729', '2251']"
785.0,"['2167', '4181', '226', '4752', '20507']"
786.0,"['30831', '10620', '2904', '17265', '17549', '23847', '20853', '11499', '9919', '9253']"
787.0,"['1840', '6201', '23847', '2926', '9367', '30296', '11887', '14813', '15809', '23273']"
788.0,"['15451', '269', '11061', '1575', '2472', '10793', '3588', '1482', '8841', '23755']"
789.0,"['6178', '1526', '2847', '1117', '2961', '20']"
790.0,"['572', '431', '121']"
791.0,"['430', '16498', '11757', '164', '431']"
792.0,"['28907', '11013', '6547', '13759', '17265', '10793', '28497', '20507', '29803', '12189']"
793.0,"['9253', '17895', '8525', '14741', '18671', '12189', '1535', '18897', '13759', '6746']"
795.0,"['1575', '30276', '1535', '121', '523', '22535', '8074', '2025']"
796.0,"['15583', '8676', '11597', '6547', '226', '7593', '8841', '4214', '3455', '6045']"
797.0,"['23321', '6702', '24703', '22663', '28121', '11617', '16498', '8841', '17265', '25157']"
798.0,"['1535', '2025', '1', '205', '2251', '6573', '5680', '513', '387', '849']"
799.0,"['23421', '10087', '20689', '6702', '18153', '6880', '7054', '14289', '11757', '4224']"
801.0,[]
802.0,[]
803.0,"['27899', '23199', '24415', '20', '20507', '5114', '7054']"
804.0,"['20507', '9989', '21863', '29095', '2001', '21405', '13601', '2025', '18679', '17895']"
806.0,"['10719', '27899', '28121', '29803', '22297', '28701', '14749', '12175', '6746']"
807.0,"['7711', '6045', '4224']"
808.0,"['3784', '30']"
809.0,"['15451', '11319', '24703', '13161', '21881', '17265', '28121', '20785', '25397', '23233']"
810.0,['523']
811.0,"['18507', '16498', '20', '12355', '12189', '5114']"
813.0,"['1575', '13161', '8074', '17729', '13759', '10110', '10790', '15809']"
814.0,"['4282', '11499', '4280', '2476', '2593', '8769', '9253', '3782', '2236', '71']"
815.0,"['6547', '11111', '10620', '16592', '16498']"
816.0,"['10790', '10620', '10793', '2025', '6746', '15809', '8841', '20507', '22877', '22319']"
817.0,"['226', '1535', '9253']"
819.0,"['6023', '4063', '3712', '1965', '6547', '4224', '6324', '2993', '21085', '15583']"
820.0,"['1118', '2847', '528', '1122', '11757', '18115', '2201', '4437', '2144', '442']"
823.0,"['4181', '8769', '1210', '199', '2236', '1887', '30276', '934']"
825.0,"['25397', '11757', '10719', '20787', '21033', '18677', '12293', '8074', '16011', '4063']"
826.0,"['18897', '14199', '13367', '21995', '1840', '11319', '3455', '8525', '10790', '9989']"
829.0,"['6746', '226', '9989', '1535', '4725', '13601', '23281', '28223', '3588', '14467']"
830.0,['6045']
833.0,"['11061', '17265', '30276', '22535', '22319', '71', '790', '10087', '14967', '777']"
834.0,"['14741', '8861']"
836.0,"['7088', '12293', '8074', '11617', '4063', '8841', '5277', '13663', '20', '5958']"
837.0,"['11597', '10719', '12189', '19815', '227', '6377', '14227', '9989', '14813', '13759']"
838.0,"['903', '400', '1818', '31', '801', '30', '47', '906', '6', '272']"
839.0,"['6707', '4898', '4752', '11013', '14227', '9919', '22319']"
840.0,[]
841.0,"['8074', '6880', '10620']"
842.0,"['228', '11757', '6547', '7054', '226', '20507', '10793', '1535', '22319', '23289']"
843.0,"['11111', '9919', '28223', '1689', '2025', '9989', '13601', '22319', '6746']"
844.0,"['237', '9253', '21843', '11741', '2001', '10087', '10620', '13601', '22199', '5081']"
846.0,['1']
847.0,"['2001', '457', '10162', '199', '121', '759', '2890', '7711', '322', '4224']"
848.0,"['3092', '2167', '18507', '11123', '23289', '10408', '21995']"
850.0,[]
851.0,"['5630', '4063', '6746', '270', '889']"
852.0,"['3002', '9919', '14513', '17265', '2904', '2251', '11771', '10030', '226', '1818']"
853.0,"['6880', '9919', '2025', '11741']"
854.0,"['20583', '22535', '20507', '18679', '19815', '11741', '10087', '14513', '9513', '813']"
855.0,"['934', '1889']"
856.0,"['450', '452', '853', '850', '553', '1532']"
857.0,"['1117', '16498', '2167', '19815', '15809', '9756', '1526', '9919', '853', '9989']"
859.0,"['28497', '11757', '28999', '4181', '2167', '8525', '28907', '30276', '28171', '14813']"
860.0,"['8129', '2759', '1698', '6045', '120', '5680', '849', '205', '4224', '16']"
861.0,"['2966', '5341', '10087', '813', '10800', '1142', '9074', '10379', '60', '263']"
862.0,"['6547', '22265', '5530', '6707', '1575', '3588']"
863.0,"['1535', '28891', '24415', '15487', '22319', '26243', '6746', '11633', '19815', '10161']"
866.0,"['59', '7054', '746', '4814', '853', '1195', '1535', '1562', '6045', '4898']"
867.0,[]
868.0,"['10087', '849', '32', '9756', '199', '227', '2251']"
869.0,"['71', '10793', '10163', '6547', '6880', '11741', '11757', '16498', '14345', '10087']"
870.0,[]
871.0,"['2904', '9919', '3588', '1575', '5114', '16498', '1818', '1535']"
872.0,"['1117', '528', '16498', '1118', '1']"
875.0,[]
876.0,"['8630', '29803', '6702', '17265', '22199', '16894', '15583', '11617', '10793', '11771']"
877.0,['3470']
878.0,"['20853', '14513', '22535', '25157', '1535', '30276', '15451', '20787', '28701', '21881']"
879.0,"['101', '226', '2167']"
880.0,[]
883.0,"['2236', '9989', '523', '16498', '9756', '5081']"
884.0,"['205', '164', '45', '136', '1575', '1535', '264', '8074', '849', '263']"
885.0,"['2025', '6547', '3782', '9253', '1889']"
886.0,"['1887', '11843', '2167', '6746', '10165', '4181', '14741', '13125', '16742', '24765']"
887.0,['18507']
888.0,"['12189', '74', '7054', '3470', '2923', '521', '249', '120', '226', '853']"
890.0,"['10087', '18897', '18153', '164', '8074', '10719', '11499', '30276', '6213', '21405']"
891.0,"['14967', '10719', '4224', '5680', '226', '6547']"
892.0,"['47', '30', '1535']"
893.0,"['11741', '6746', '10087', '813', '6702', '9936', '8841', '269', '10793', '4063']"
894.0,"['23289', '9253', '5630', '11597', '14813', '4224', '20785', '5081', '5680', '21881']"
896.0,['1889']
897.0,"['10620', '6707', '1535', '3588']"
899.0,"['22319', '3455', '4224', '19815', '18897', '30503', '14813', '27787', '9041', '11617']"
900.0,['30']
901.0,[]
902.0,"['28171', '22265', '18507', '1535']"
903.0,"['7791', '1535', '10165', '7059', '2001', '2025', '9617', '7311', '30', '9756']"
904.0,"['10162', '226', '2593', '1535', '3783', '5204', '3782', '101', '1943', '1575']"
905.0,"['14813', '71', '72', '9253', '14741', '1689', '6547', '5081', '3588', '2025']"
907.0,"['23283', '13125', '6880', '3588', '97', '1689', '205']"
908.0,"['1535', '5114', '2476', '14813', '6880', '4224', '15809', '1604', '10620', '6746']"
909.0,"['15583', '11617', '15451', '10719', '12549', '7593', '11757', '8841', '8074']"
910.0,"['532', '3731', '853', '4224', '1808', '249', '687', '4722']"
911.0,"['27899', '18115', '14513', '18507', '15809', '2167', '14075', '18897', '11771', '14813']"
912.0,"['9253', '1689', '4181', '16498', '1535', '11757', '5681', '30', '849', '5114']"
913.0,"['1575', '22535', '199', '121', '1818', '5114', '19', '790', '2025', '9253']"
914.0,[]
916.0,"['2236', '61', '199', '853', '120', '532', '431', '2034']"
917.0,"['8246', '4835', '1840', '15809', '11757', '5114', '4654', '8074', '2144', '121']"
919.0,"['11771', '16894', '24415', '1575', '9989', '10620']"
920.0,"['18671', '3588', '18897', '5114', '27899', '12445', '14749', '11617']"
921.0,[]
922.0,"['5081', '11617', '2167', '14741', '6547', '889', '8074', '11757', '226', '4181']"
923.0,"['13759', '3731', '9656', '2129', '14227', '4224', '6045', '14713', '1535']"
925.0,"['19815', '22535', '16498', '18153', '10719', '6746', '11597', '15809', '20507', '8769']"
926.0,"['14741', '121', '10793', '3588', '4654', '889', '11757', '226', '2167', '9919']"
927.0,"['3588', '2001', '11757']"
928.0,"['1029', '1689', '5681', '512', '9756', '4181', '11981', '11887', '23289', '523']"
929.0,"['1535', '31043', '269', '22297', '23847', '12355', '30276', '6702', '28701', '27899']"
930.0,"['22319', '2167', '6746', '11757', '11111', '13601', '18679', '23283', '3784', '22535']"
931.0,"['1535', '5680', '5081']"
932.0,"['20787', '15809', '14749', '14813', '1195', '5958', '19163', '8407', '6324', '11433']"
933.0,"['14741', '18671', '11111', '13601', '849', '30831', '6746']"
934.0,"['1575', '6746', '14345', '31240', '14967', '19815', '6547', '22199', '14741', '11499']"
935.0,['1575']
936.0,"['1840', '4999', '8676', '17729', '14749', '9181', '10790', '6324', '14199', '15583']"
937.0,"['10396', '10790', '223', '15809', '8407', '28927', '21881', '28999', '1575', '23273']"
938.0,"['2904', '10087', '31240', '22319', '11757', '31043', '14345']"
939.0,"['22145', '6707', '14713', '4224', '4752', '7054', '11013']"
940.0,"['19221', '14227', '19163', '2993', '6347']"
941.0,"['11319', '3712', '9181', '8769', '3455', '2993', '10080', '14967', '7593', '4214']"
942.0,"['226', '1818', '1117', '1118', '20']"
943.0,"['11319', '5958', '5277', '1840', '3712', '8769', '9330', '4654', '11617', '8841']"
944.0,"['3457', '4752', '7054', '14227', '120', '853', '2034', '14713', '232', '74']"
945.0,"['849', '10790', '10863', '4224', '11757', '19815', '17074', '11597', '18897', '20787']"
946.0,"['2167', '11757', '9919', '237', '1535', '5114', '4654', '30', '134', '6746']"
947.0,"['6702', '13667']"
948.0,"['528', '780', '781', '901', '902', '899', '894', '895', '154', '2961']"
950.0,"['1575', '16524', '18247', '9919', '22319', '1535', '27899', '237', '9041', '7088']"
951.0,"['355', '61', '177', '1562', '123', '587', '63', '1535', '1222', '149']"
952.0,['6547']
953.0,"['3588', '1535', '1575']"
954.0,"['23289', '23623', '11597', '30276', '20541', '18897', '11757', '9253', '14811']"
955.0,"['11759', '1535', '11757', '16894', '225', '17265', '3588']"
956.0,"['6702', '223', '31240', '1575', '27899', '10793', '356', '14345', '22319', '32182']"
957.0,"['889', '1519', '23283', '27655', '1575', '28999', '2593', '28497', '4282', '11741']"
961.0,"['182', '1033', '513', '813', '249']"
962.0,"['740', '47', '339']"
963.0,"['431', '5081', '20507', '28171', '22535', '11757', '23755', '10793', '17265', '269']"
965.0,"['14227', '14289', '22319', '23273', '6547', '6045', '7054', '16498']"
966.0,"['16782', '2236', '4059', '6746', '2001', '226', '849', '5081', '4789', '2924']"
967.0,"['10620', '9989', '11759', '15225', '22319', '16498', '6547', '11757', '18153', '23289']"
968.0,"['11757', '5114', '6702']"
969.0,"['7593', '9181', '4214', '4224', '10620']"
970.0,"['5630', '5682', '1575', '32', '30', '1535', '13601', '3784', '1', '19']"
973.0,"['16498', '7054', '14227', '11757', '853', '14289', '120']"
976.0,"['10165', '10080', '6347', '9756', '20507', '13759', '22535', '10020', '6547', '12189']"
977.0,"['897', '2001', '902', '20', '6880', '9756', '3588', '906', '5680', '24439']"
978.0,"['578', '5630', '32', '1535', '227', '226', '10087', '934']"
979.0,"['8841', '20785', '25283', '10620', '26243', '16592', '25397', '6573', '2025', '19769']"
980.0,"['16592', '6547', '9919', '10620', '11741', '22535', '26243']"
981.0,['30']
982.0,['121']
984.0,"['18247', '10719', '26243', '1535', '11617']"
985.0,"['2904', '3782', '1', '2593', '3783', '2236', '457', '5204', '1535', '759']"
986.0,[]
987.0,"['10719', '11887', '3712', '14289', '10080', '8525']"
988.0,"['6045', '849', '4181']"
990.0,['532']
991.0,"['6880', '30503', '23283', '23281', '27899', '20507', '22535', '22199', '22319', '6746']"
992.0,"['4814', '7054', '120', '2034', '6707', '16498', '1535', '431', '23289', '849']"
993.0,"['14199', '6213', '25159', '22199', '7791', '16592', '8769', '13659', '8407', '28121']"
994.0,"['14467', '16498', '15085', '11013', '2923', '10620', '877', '2034', '6895', '3470']"
995.0,"['512', '31043', '11757', '18897', '24415', '23289', '7655', '4181', '121', '205']"
996.0,"['18153', '8516', '16592', '8525', '10213', '13759', '16498', '17641', '16011', '18677']"
997.0,"['23289', '22265', '853', '121']"
999.0,['9756']
1000.0,"['2236', '4722', '3470', '322', '4898', '853', '21995']"
1002.0,"['5114', '121', '1535', '6547', '22319', '226']"
1003.0,"['4901', '889', '22319', '1818', '2025', '6573', '23233', '225', '1', '25183']"
1004.0,"['4898', '11111', '6746', '28223', '11757', '16498', '853', '6880', '6702', '1535']"
1005.0,"['21327', '18119', '10165', '18153', '11887', '16498', '9989', '10521', '5680', '11843']"
1006.0,"['4224', '13659', '7791', '10080', '5680', '11757', '8769', '8525', '1887', '9756']"
1007.0,"['14813', '2966', '6512', '8769', '5277', '8407', '7590', '10521', '6347']"
1008.0,"['4224', '1535', '14289', '6880', '226', '6746', '2034', '7054', '23283', '16742']"
1009.0,[]
1010.0,"['532', '740']"
1011.0,"['24415', '22673']"
1012.0,"['2759', '3784', '5204', '7311', '9989', '22319', '15689', '2593', '11757', '11597']"
1013.0,"['22147', '10162', '23321', '17265', '3588', '849', '6880', '10620', '13659', '15379']"
1014.0,['4472']
1015.0,"['18897', '4224', '12189', '2904', '22535', '10793', '25183', '1195', '4181']"
1016.0,"['1195', '5081', '2001', '2759', '5114', '16524', '90', '20507', '71', '19815']"
1017.0,"['6547', '11111']"
1018.0,"['18115', '813', '10087', '23755', '9919', '269']"
1019.0,"['10087', '9989', '18115', '6702', '2993', '8074', '6880', '18153', '20785', '9181']"
1020.0,"['1575', '30296', '22729', '11061', '14967', '19815', '28121', '18679']"
1021.0,['11843']
1023.0,"['6547', '10087', '11577', '5114', '2167', '5680', '4224', '2001', '164']"
1024.0,"['934', '6045', '1889', '2167', '4224']"
1025.0,"['24701', '21939', '523', '513', '199', '6746', '585', '578']"
1026.0,"['5530', '14289', '849', '8425', '3470', '9253', '1575', '10620', '5678', '4224']"
1027.0,"['19815', '19163', '13659', '17265', '22535', '21881', '6746', '3455', '20853', '18277']"
1028.0,"['355', '15583', '8841', '11597', '13759', '10087', '7054', '849', '8630', '2787']"
1030.0,['2167']
1031.0,"['23289', '11757', '9253', '5114', '1575', '28223', '2001', '20787']"
1032.0,"['1686', '2472', '11757', '4835', '5114', '11633', '13667', '16498', '11111']"
1033.0,"['2167', '14749', '1195', '356', '10080', '2904', '4181', '849', '1575', '14741']"
1034.0,"['2904', '7054', '11633', '2993']"
1035.0,"['13759', '10087', '10080', '849', '14289', '23847', '28907', '11597', '8676', '27899']"
1036.0,"['4725', '889', '22199', '356', '27899', '1', '7724', '3588']"
1037.0,"['9989', '4814', '3092', '15809', '16498', '18507', '6793', '11111', '9656', '14227']"
1038.0,"['3712', '11319', '18277', '29803', '10620', '1575', '18247', '23755', '22877', '11757']"
1039.0,"['5114', '10087', '9919', '23281']"
1040.0,"['20787', '27631', '23321', '28907', '27899', '30544', '26243', '10620', '8841', '31737']"
1041.0,"['6547', '1575', '11757', '19815', '23283', '2904', '11597', '2167', '9919', '199']"
1042.0,"['898', '899']"
1043.0,['43']
1044.0,"['6547', '19815', '20787', '16498', '28497', '18897', '21881', '24833']"
1045.0,"['25835', '12893', '23225', '1535', '4472', '28907', '23383', '14741', '23289', '17549']"
1046.0,"['8516', '8525', '15809', '7593', '6347', '11597', '19815', '15225', '13759', '9041']"
1048.0,"['16894', '24277', '2904', '20583', '4181', '8516', '1840', '18277', '13161', '7088']"
1049.0,"['6880', '11617', '22535', '19815', '5114', '11757', '22319', '10793', '30', '29803']"
1050.0,['3470']
1051.0,"['71', '2966', '2924', '205', '5341', '1689', '2034', '199', '2167', '2904']"
1052.0,"['14513', '20507', '13601', '11757', '14713', '22319', '28223', '10793', '6045', '199']"
1053.0,"['355', '2025', '5530', '9041', '10110', '6347', '18153', '2167', '8074', '442']"
1055.0,"['627', '1818', '10271', '264', '2001', '4155', '392', '121', '16894', '7661']"
1056.0,[]
1058.0,"['23847', '14813', '7054', '4214', '10719', '6880', '5958', '1535']"
1059.0,"['16498', '11757', '2926', '6772', '9465', '6351', '4059', '9989', '2167', '1689']"
1060.0,"['6746', '431', '1943', '467', '2251', '1519', '2001', '5114', '6', '437']"
1061.0,"['10620', '13161', '17895', '14289', '21405', '29095', '30296', '19815', '18897', '10719']"
1062.0,"['11757', '4224', '8769', '6547', '9989', '199', '5680', '14741', '14227']"
1063.0,['85']
1064.0,"['1535', '16498', '2236', '5114', '13601', '10087']"
1065.0,"['6573', '6', '4282', '6007', '9756', '226', '1535', '164', '199', '205']"
1066.0,"['5081', '2993', '355', '1691', '2787', '469', '10793', '5341', '2034', '269']"
1067.0,"['10793', '2759', '14345', '6547', '13601', '22319', '5680', '11111', '6746', '28223']"
1068.0,"['528', '1120', '1117', '1119', '1709', '1118']"
1069.0,"['12189', '9969', '1575', '6746', '6347', '2904', '8516', '10080', '5081', '8769']"
1070.0,"['14345', '1195', '10620', '8074', '11111', '14741', '11617', '2167']"
1071.0,"['14467', '6811', '356', '1691', '7593', '11319', '4224', '813', '10793', '223']"
1072.0,[]
1073.0,"['21431', '20507', '9253', '22319', '18897', '8525', '14199', '15379', '11617', '10080']"
1074.0,"['15451', '15117', '6880', '9181', '6347', '20787', '13663', '22319', '10209', '9919']"
1076.0,"['3712', '1840', '2993', '6324', '4214', '11757', '15583']"
1077.0,"['3588', '22319', '27899', '20507', '226', '16498', '2025']"
1078.0,"['164', '120', '530', '10793', '853', '4752', '20', '7711', '4722', '11111']"
1080.0,"['14741', '13759', '15583', '21995', '6547', '26243', '356', '20507', '226', '10719']"
1081.0,"['28121', '14345', '11741', '14467', '10087', '23755', '11617', '3455', '9181', '27899']"
1082.0,"['164', '199', '121', '2904', '5114', '2251', '30', '572']"
1083.0,"['18679', '9919', '22319', '226', '9253', '6746', '11499', '7054', '10030', '7593']"
1084.0,"['10092', '15451', '11741', '14345', '9252', '26243', '10087', '2904', '21843', '20785']"
1086.0,"['3503', '6512', '8861', '226', '14199', '7148', '4999', '5277', '6324', '12293']"
1087.0,"['986', '904', '897', '895', '896', '903']"
1088.0,"['6746', '1535', '853', '20']"
1089.0,['1']
1090.0,"['16498', '10620', '19815', '11757']"
1093.0,[]
1094.0,[]
1096.0,"['4722', '101', '2924', '9656', '4477', '2167', '6045', '1689', '1142', '4181']"
1097.0,"['20', '22319', '6702', '11111', '10793', '6746', '2593', '19815', '24833', '30276']"
1099.0,"['13601', '2236', '10620', '10793', '199', '47', '11771', '1689']"
1100.0,"['9253', '205', '13601', '2904', '1575', '5114', '1519', '20']"
1101.0,['28121']
1102.0,"['11771', '26243', '21105', '15605', '149', '4224']"
1103.0,"['14741', '28171', '10620', '10521', '14813', '16353', '17265', '18857', '14749', '26349']"
1105.0,"['80', '81', '889', '20057']"
1106.0,"['1519', '1818', '164', '2025', '205']"
1107.0,[]
1108.0,"['4181', '1210', '1535', '1575', '10165', '18119', '10521', '10460', '22319', '23289']"
1109.0,"['22319', '6880', '16498', '2904']"
1110.0,[]
1111.0,"['10087', '4224', '9253', '13759', '9989', '24833', '20583']"
1112.0,[]
1113.0,"['14289', '9919', '3092', '6707', '2034', '6045', '20', '451', '452', '120']"
1114.0,"['1575', '6114', '10049', '20583', '1726', '16498', '1818', '121', '431', '16894']"
1115.0,"['901', '11061', '834', '462', '2144', '1686', '6033', '16498', '269', '3588']"
1116.0,"['7054', '20507', '16417', '15109', '6547', '121', '4898', '10161']"
1117.0,"['1195', '1840', '8074', '6213', '4224', '8769', '5114', '2129', '2001', '14813']"
1118.0,"['13759', '10495', '19815', '15809', '10087', '2025', '5114', '3588', '6746', '121']"
1119.0,"['4214', '10719', '8074', '7674', '10030', '1195', '3712', '14967', '12549', '269']"
1120.0,"['19815', '1575', '13759', '24415', '10030', '31043', '9989', '6702', '7054', '20']"
1122.0,"['5114', '11887', '11111', '9989', '16498', '14813', '20507', '19815', '21881', '9253']"
1123.0,"['22729', '6547', '11771', '14345', '10793', '16894', '19815', '20785', '1535', '24415']"
1124.0,"['29786', '30276', '16498', '226']"
1126.0,"['11617', '10620']"
1129.0,"['4026', '430']"
1130.0,"['270', '133', '226', '3588', '1195', '5764', '3712', '1840', '5680', '357']"
1131.0,"['1575', '14833', '21405', '2129', '14813', '19221', '10719', '22199', '13759', '12175']"
1132.0,"['5680', '19163', '16498', '13759', '14813', '22147', '15451', '8525', '10719', '15583']"
1133.0,"['9253', '10620', '20', '2904', '5114', '22535', '431', '22319']"
1135.0,"['16035', '853', '18153', '14289', '7054', '6702']"
1136.0,"['22535', '23283', '15037', '9253', '10620', '226']"
1137.0,['523']
1138.0,"['10087', '11741', '11759', '12445', '11597', '11499', '18897', '889', '2993', '13125']"
1139.0,"['8525', '11757', '19221', '10080', '4224', '17895', '18679']"
1140.0,"['7054', '9926', '10321', '19815', '14467', '20507', '6547', '11757', '15085', '26243']"
1141.0,"['1535', '15417', '9969']"
1142.0,[]
1143.0,"['1575', '9919', '2904', '527', '4026', '1121', '528', '19815', '10793', '21881']"
1144.0,"['12189', '14227', '14741', '23673', '6045', '22319', '18671', '14813', '27899', '16782']"
1146.0,"['834', '12549', '1686', '5114', '1726', '9919', '9982', '18393', '13663', '442']"
1147.0,"['7054', '14713', '6811']"
1148.0,"['20507', '23283', '30276', '18153', '11757', '5081', '11111', '1689', '47']"
1149.0,"['6547', '11111', '10087', '861', '4938', '5081', '1575']"
1150.0,[]
1151.0,"['1526', '2847', '1122', '1121', '1119', '5680', '3457', '1118', '1', '2472']"
1152.0,[]
1153.0,"['19163', '2993', '10080', '18677', '20541', '15315', '14227', '11633', '10719', '6324']"
1154.0,[]
1155.0,['270']
1157.0,"['11111', '21843', '22297', '20899', '18679', '23283', '10620', '2167', '28223']"
1158.0,"['5114', '1575', '9919', '20', '226', '263', '121', '2904']"
1159.0,"['14227', '27899', '11771', '11757', '6702']"
1160.0,"['30544', '25183', '26243', '14813', '16498', '23289', '14967', '31637', '11061', '17729']"
1161.0,"['902', '900', '906', '502', '892', '894']"
1162.0,[]
1163.0,"['14967', '14749', '9379', '10080', '3712', '18671', '14741', '6956', '7054', '15315']"
1164.0,"['18679', '164', '2904', '2001', '1575', '205', '32', '578', '227', '47']"
1165.0,"['3712', '13161', '5958', '5277', '11887', '15315', '3503', '15583', '9367', '10719']"
1166.0,[]
1167.0,"['23281', '1535', '6547', '5114', '10087', '18679', '2167']"
1169.0,"['7088', '23273', '6547', '8675', '31404', '10719', '18897', '22319', '27899', '14227']"
1170.0,"['27899', '22319', '1575', '223', '6702', '4654', '19163', '14345', '20787', '3588']"
1171.0,[]
1172.0,"['20', '1840', '3712', '10620']"
1176.0,"['19221', '29803', '8074', '25879', '21561', '270', '22319', '14741', '6880', '1575']"
1177.0,[]
1179.0,"['2472', '6325']"
1180.0,"['853', '523', '227', '1564', '849', '430', '120', '189', '205', '293']"
1181.0,"['11757', '3588', '1535', '269', '14345', '5114', '19815']"
1182.0,"['889', '1092', '1091', '1090', '237', '578', '949']"
1183.0,['2001']
1184.0,"['10495', '17549', '2167', '2236', '6956', '3225', '18897', '9756', '9379', '5081']"
1185.0,"['14199', '5734', '8676', '15809', '11235', '23847', '2167', '12189', '19221', '4181']"
1186.0,"['8861', '12189', '13759', '14813', '23289', '10495', '8525', '19221', '10080', '17729']"
1188.0,"['13663', '13759', '1840', '6547', '17247', '18679', '16498', '13659', '16706']"
1189.0,"['15037', '16592', '9989', '2167', '10620', '14741', '18679', '16498', '4181', '19815']"
1190.0,"['22319', '16668', '18295', '6682', '2404', '9253', '5940', '2904', '1818', '6702']"
